subject,title,author,appearances,score
English Literature,A Writer's Reference,Diana Hacker,8279,100
English Literature,They Say/I Say: The Moves That Matter in Academic Writing,Gerald Graff,6467,100
English Literature,The Canterbury Tales,Geoffrey Chaucer,4904,100
English Literature,Frankenstein,Mary Wollstonecraft Shelley,4789,100
English Literature,A Pocket Style Manual,Diana Hacker,4389,100
English Literature,The Yellow Wallpaper,Charlotte Perkins Gilman,3824,99
English Literature,Paradise Lost,John Milton,3781,100
English Literature,The Bedford Handbook,Diana Hacker,3714,96
English Literature,Prufrock and Other Observations,T. S. Eliot,3314,97
English Literature,Heart of Darkness,Joseph Conrad,3311,99
English Literature,The Little Seagull Handbook,Richard H. Bullock,3115,93
English Literature,The Story of an Hour,Kate Chopin,3074,95
English Literature,MLA Handbook for Writers of Research Papers,Joseph Gibaldi,3029,99
English Literature,A Rose for Emily,William Faulkner,2982,95
English Literature,The Things They Carried: A Work of Fiction,Tim O.'Brien,2710,96
English Literature,The Norton Field Guide to Writing,Richard H. Bullock,2705,90
English Literature,The Elements of Style,William Strunk,2639,100
English Literature,Rules for Writers: A Brief Handbook,Diana Hacker,2619,93
English Literature,A Good Man Is Hard to Find and Other Stories,Flannery O.'Connor,2611,92
English Literature,Easy Writer: A Pocket Reference,Andrea A. Lunsford,2518,91
English Literature,A Modest Proposal,Jonathan Swift,2491,94
English Literature,Young Goodman Brown and Other Tales,Nathaniel Hawthorne,2392,92
English Literature,Letter From the Birmingham Jail,Martin Luther King,2391,99
English Literature,Hamlet,William Shakespeare,2373,98
English Literature,Oedipus the King,Sophocles,2349,99
English Literature,The Concise Wadsworth Handbook,Laurie G. Kirszner,2232,84
English Literature,Incidents in the Life of a Slave Girl,Harriet A. Jacobs,2098,96
English Literature,Hills Like White Elephants,Ernest Hemingway,2091,88
English Literature,Their Eyes Were Watching God,Zora Neale Hurston,2053,92
English Literature,Everyday Use,Alice Walker,2043,87
English Literature,The Norton Anthology of American Literature,Nina Baym,2021,90
English Literature,Things Fall Apart,Chinua Achebe,2001,98
English Literature,Gulliver's Travels,Jonathan Swift,1982,95
English Literature,Invisible Man,Ralph Ellison,1970,94
English Literature,"Narrative of the Life of Frederick Douglass, an American Slave",Frederick Douglass,1945,98
English Literature,Beloved,Toni Morrison,1905,95
English Literature,A Room of One's Own,Virginia Woolf,1877,95
English Literature,The Odyssey,Homer,1875,98
English Literature,Inferno,Dante Alighieri,1873,95
English Literature,Jane Eyre,Charlotte Bronte,1871,95
English Literature,Bartleby the Scrivener,Herman Melville,1852,89
English Literature,The Great Gatsby,F. Scott Fitzgerald,1836,95
English Literature,The Lottery,Shirley Jackson,1828,84
English Literature,The Everyday Writer,Andrea A. Lunsford,1793,82
English Literature,To His Coy Mistress,Andrew Marvell,1731,86
English Literature,Walden,Henry David Thoreau,1720,93
English Literature,The Metamorphosis,Franz Kafka,1713,93
English Literature,Patterns for College Writing: A Rhetorical Reader and Guide,Laurie G. Kirszner,1708,76
English Literature,The Awakening,Kate Chopin,1702,90
English Literature,The Norton Anthology of English Literature,Stephen Greenblatt,1698,89
English Literature,A Vindication of the Rights of Woman,Mary Wollstonecraft,1696,97
English Literature,The Tempest,William Shakespeare,1663,94
English Literature,Pride and Prejudice,Jane Austen,1656,95
English Literature,The Souls of Black Folk,W. E. B. Du Bois,1655,99
English Literature,My Last Duchess,Robert Browning,1654,88
English Literature,Adventures of Huckleberry Finn,Mark Twain,1649,91
English Literature,The Aeneid,Virgil,1634,98
English Literature,The Rime of the Ancient Mariner,Samuel Taylor Coleridge,1594,89
English Literature,Trifles,Susan Glaspell,1574,82
English Literature,The Cask of Amontillado,Edgar Allan Poe,1566,84
English Literature,Ode on a Grecian Urn,John Keats,1552,88
English Literature,Poetics,Aristotle,1546,99
English Literature,Uncle Tom's Cabin,Harriet Beecher Stowe,1529,92
English Literature,Cathedral,Raymond Carver,1524,77
English Literature,Technical Communication,Michael H. Markel,1517,76
English Literature,Metamorphoses,Ovid,1516,96
English Literature,The Faerie Queene,Edmund Spenser,1515,87
English Literature,Antigone,Sophocles,1502,97
English Literature,Songs of Innocence and of Experience,William Blake,1495,89
English Literature,The Fall of the House of Usher,Edgar Allan Poe,1493,83
English Literature,Araby,James Joyce,1489,80
English Literature,Othello,William Shakespeare,1477,91
English Literature,A Midsummer Night's Dream,William Shakespeare,1469,94
English Literature,"The Norton Field Guide to Writing, With Readings and Handbook",Maureen Daly Goggin,1453,67
English Literature,The Importance of Being Earnest,Oscar Wilde,1451,92
English Literature,A Doll's House,Henrik Ibsen,1450,92
English Literature,Dulce Et Decorum Est,Wilfred Owen,1450,85
English Literature,Shakespeare's Sonnets,William Shakespeare,1441,87
English Literature,Writing Today,Richard Johnson-Sheehan,1441,70
English Literature,The Rape of the Lock,Alexander Pope,1435,86
English Literature,"Where Are You Going, Where Have You Been?: Selected Early Stories",Joyce Carol Oates,1429,73
English Literature,Civil Disobedience,Henry David Thoreau,1423,93
English Literature,Lines Composed a Few Miles Above Tintern Abbey,William Wordsworth,1419,88
English Literature,The House on Mango Street,Sandra Cisneros,1418,87
English Literature,Sonny's Blues,James Baldwin,1418,75
English Literature,Wuthering Heights,Emily Bronte,1414,92
English Literature,Oroonoko,Aphra Behn,1400,82
English Literature,Dracula,Bram Stoker,1377,92
English Literature,The Woman Warrior: Memoirs of a Girlhood Among Ghosts,Maxine Hong Kingston,1376,83
English Literature,Song of Myself,Walt Whitman,1369,79
English Literature,The Strange Case of Dr. Jekyll and Mr. Hyde,Robert Louis Stevenson,1338,90
English Literature,Death of a Salesman: Certain Private Conversations in Two Acts and a Requiem,Arthur Miller,1308,92
English Literature,Mrs. Dalloway,Virginia Woolf,1305,90
English Literature,Self-Reliance,Ralph Waldo Emerson,1302,86
English Literature,"The Little, Brown Handbook",H. Ramsey Fowler,1289,78
English Literature,The Waste Land,T. S. Eliot,1287,86
English Literature,The Bluest Eye,Toni Morrison,1264,88
English Literature,Steps to Writing Well: With Additional Readings,Jean Wyrick,1261,64
English Literature,A Portrait of the Artist as a Young Man,James Joyce,1255,88
English Literature,A Raisin in the Sun,Lorraine Hansberry,1247,88
Business,A Writer's Reference,Diana Hacker,1668,100
Business,Leadership: Theory and Practice,Peter Guy Northouse,1328,96
Business,Getting to Yes: Negotiating Agreement Without Giving In,Roger Fisher,1252,97
Business,Organizational Behavior,Stephen P. Robbins,1210,97
Business,Fundamentals of Financial Management,Eugene F. Brigham,1207,79
Business,Understanding Business,William G. Nickels,1161,64
Business,The Leadership Challenge: How to Make Extraordinary Things Happen in Organizations,James M. Kouzes,1086,89
Business,Corporate Finance,Stephen A. Ross,1062,91
Business,Essentials of Investments,Zvi Bodie,1013,69
Business,Business Communication: Process and Product,Mary Ellen Guffey,990,77
Business,Operations Management,William J. Stevenson,978,69
Business,Good to Great,James C. Collins,911,86
Business,Fundamentals of Corporate Finance,Randolph Westerfield,833,82
Business,Operations and Supply Chain Management,F. Robert Jacobs,823,61
Business,Financial Management,Michael C. Ehrhardt,809,70
Business,Essentials of Corporate Finance,Randolph W. Westerfield,807,48
Business,Investments,Zvi Bodie,798,93
Business,Strategic Management: Competitiveness and Globalization,Michael A. Hitt,788,71
Business,The Goal: A Process of Ongoing Improvement,Eliyahu M. Goldratt,780,73
Business,Essentials of Business Communication,Mary Ellen Guffey,774,68
Business,Human Resource Management,Robert L. Mathis,732,54
Business,The Elements of Style,William Strunk,731,100
Business,Principles of Corporate Finance,Richard A. Brealey,729,96
Business,Operations Management,Jay Heizer,728,72
Business,The Fifth Discipline,Peter M. Senge,714,91
Business,Leading Change,John P. Kotter,711,84
Business,Organizational Culture and Leadership,Edgar H. Schein,661,85
Business,Management Information Systems: Managing the Digital Firm,Kenneth C. Laudon,641,91
Business,"Reframing Organizations: Artistry, Choice, and Leadership",Lee G. Bolman,631,73
Business,Negotiation,Roy J. Lewicki,629,54
Business,Human Relations in Organizations: Applications and Skill Building,Robert N. Lussier,608,33
Business,Small Business Management: An Entrepreneurial Emphasis,Justin G. Longenecker,590,42
Business,Practical Business Math Procedures,Jeffrey Slater,581,38
Business,Management: A Practical Introduction,Angelo Kinicki,580,31
Business,Strategic Management: Concepts and Cases,Fred R. David,574,63
Business,Corporate Social Responsibility,International Summit on Corporate Social Responsibility,568,83
Business,Fundamentals of Human Resource Management,Raymond A. Noe,562,31
Business,Global Business Today,Charles W. L. Hill,557,63
Business,The Gregg Reference Manual,William A. Sabin,552,59
Business,Project Management: The Managerial Process,Erik W. Larson,542,82
Business,The 7 Habits of Highly Effective People,Stephen R. Covey,538,89
Business,Business Model Generation,Alexander Osterwalder,532,88
Business,The World Is Flat: A Brief History of the Twenty-First Century,Thomas L. Friedman,527,87
Business,Competitive Strategy,Michael E. Porter,521,83
Business,Employee Training and Development,Raymond A. Noe,519,52
Business,Leading Change: Why Transformation Efforts Fail,John Kotter,514,57
Business,Essentials of Organizational Behavior,Stephen P. Robbins,506,43
Business,"Business Law: Text and Cases: Legal, Ethical, Global, and Corporate Environment",Kenneth W. Clarkson,501,32
Business,What Makes a Leader?,Daniel Goleman,499,43
Business,The Five Dysfunctions of a Team: A Leadership Fable,Patrick Lencioni,467,55
Business,A Random Walk Down Wall Street: The Time-Tested Strategy for Successful Investing,Burton Gordon Malkiel,466,51
Business,"Business Law Today: The Essentials: Text and Summarized Cases--E-Commerce, Legal, Ethical, and International Environment",Roger LeRoy Miller,460,29
Business,Managing Human Resources,George W. Bohlander,453,43
Business,The Social Responsibility of Business Is to Increase Its Profits,Milton Friedman,452,59
Business,Strategic Management and Business Policy,Thomas L. Wheelen,451,44
Business,Business Ethics: Ethical Decision Making and Cases,O. C. Ferrell,447,38
Business,International Business: Competing in the Global Marketplace,Charles W. L. Hill,445,81
Business,Blue Ocean Strategy: How to Create Uncontested Market Space and Make the Competition Irrelevant,W. Chan Kim,444,64
Business,"On the Folly of Rewarding A, While Hoping for B",Steven Kerr,436,32
Business,Management,Richard L. Daft,430,47
Business,Business and Administrative Communication,Kitty O. Locker,429,50
Business,"Business Law: The Ethical, Global, and E-Commerce Environment",Jane P. Mallor,423,36
Business,Intermediate Financial Management,Phillip R. Daves,413,23
Business,Information Technology Project Management,Kathy Schwalbe,412,58
Business,Business English,Mary Ellen Guffey,412,34
Business,Corporate Social Responsibility,Society for Human Resource Management,407,85
Business,A Guide to the Project Management Body of Knowledge,Project Management Institute,405,76
Business,Financial Markets and Institutions,Frederic S. Mishkin,404,61
Business,What Leaders Really Do,John P. Kotter,402,42
Business,MGMT,Chuck Williams,400,22
Business,Organization Theory and Design,Richard L. Daft,396,43
Business,A Guide to the Project Management Body of Knowledge (PMBOK Guide),Project Management Institute,391,79
Business,Using MIS,David M. Kroenke,391,28
Business,Strategic Management: Creating Competitive Advantages,Gregory G. Dess,390,29
Business,Fundamentals of Management: Essential Concepts and Applications,Stephen P. Robbins,389,61
Business,Business Communication: Developing Leaders for a Networked World,Peter W. Cardon,385,32
Business,Corporate Finance,Peter DeMarzo,381,74
Business,"The Legal Environment of Business: Text and Cases: Ethical, Regulatory, Global, and Corporate Issues",Frank B. Cross,381,24
Business,Retailing Management,Barton A. Weitz,380,64
Business,The Seven Habits of Highly Effective People: Restoring the Character Ethic,Stephen R. Covey,375,75
Business,Foundations of Finance: The Logic and Practice of Financial Management,Arthur J. Keown,375,24
Business,Personal Financial Planning: Workbook,Michael D. Joehnk,369,24
Business,Management of Organizational Behavior: Utilizing Human Resources,Paul Hersey,368,39
Business,Balanced Scorecard,Robert S. Kaplan,358,61
Business,Analysis for Financial Management,Robert C. Higgins,358,31
Business,Business Essentials,Ronald J. Ebert,357,30
Business,Real Estate Principles: A Value Approach,David C. Ling,353,21
Business,Labor Relations: Striking a Balance,John W. Budd,352,19
Business,International Financial Management,Jeff Madura,349,60
Business,International Financial Management,Cheol S. Eun,349,50
Business,"Options, Futures, and Other Derivatives",John Hull,347,94
Business,"Designing and Managing the Supply Chain: Concepts, Strategies, and Case Studies",David Simchi-Levi,345,70
Business,The Leadership Experience,Richard L. Daft,345,37
Business,Entrepreneurship: Successfully Launching New Ventures,Bruce R. Barringer,344,59
Business,Better Business,Mary Anne Poatsy,344,18
Business,Management: The New Competitive Landscape,Scott Snell,343,20
Business,Principles of Managerial Finance,Lawrence J. Gitman,342,49
Business,Emotional Intelligence,Daniel Goleman,341,94
Business,Who Moved My Cheese?,Spencer Johnson,337,66
Business,Management: Leading and Collaborating in a Competitive World,Thomas S. Bateman,337,22
Mathematics,Calculus,James Stewart,7714,100
Mathematics,Intermediate Algebra,K. Elayn Martin-Gay,5701,99
Mathematics,Calculus: Early Transcendental Functions,Ron Larson,3351,95
Mathematics,College Algebra,Robert Blitzer,3347,94
Mathematics,College Algebra,Margaret L. Lial,2770,90
Mathematics,Elementary Statistics,Mario F. Triola,2749,92
Mathematics,Intermediate Algebra,Margaret L. Lial,2326,86
Mathematics,Thinking Mathematically,Robert Blitzer,2214,84
Mathematics,Precalculus,Michael Sullivan,2076,83
Mathematics,Essential Calculus: Early Transcendentals,James Stewart,2074,84
Mathematics,A Problem Solving Approach to Mathematics for Elementary School Teachers,Rick Billstein,1949,81
Mathematics,Linear Algebra and Its Applications,David C. Lay,1727,87
Mathematics,College Algebra,Michael Sullivan,1582,72
Mathematics,Statistics: Informed Decisions Using Data,Michael Sullivan,1524,71
Mathematics,Prealgebra and Introductory Algebra,Marvin L. Bittinger,1479,68
Mathematics,Discrete Mathematics and Its Applications,Kenneth H. Rosen,1478,95
Mathematics,Thomas' Calculus,Joel Hass,1478,79
Mathematics,Using and Understanding Mathematics: A Quantitative Reasoning Approach,Jeffrey O. Bennett,1473,70
Mathematics,Algebra and Trigonometry: Enhanced With Graphing Utilities,Michael Sullivan,1374,70
Mathematics,Elementary Statistics: Picturing the World,Ron Larson,1362,66
Mathematics,Elementary Statistics: A Step by Step Approach,Allan G. Bluman,1337,70
Mathematics,Mathematics With Applications,Margaret L. Lial,1223,61
Mathematics,Introduction to the Practice of Statistics,George P. McCabe,1212,82
Mathematics,Trigonometry,Margaret L. Lial,1199,59
Mathematics,Calculus,William L. Briggs,1189,63
Mathematics,College Algebra,Ron Larson,1137,57
Mathematics,College Algebra: Graphs and Models,Marvin L. Bittinger,1079,53
Mathematics,Essentials of Statistics,Mario F. Triola,1074,55
Mathematics,Beginning and Intermediate Algebra,Margaret L. Lial,1022,51
Mathematics,Single Variable Calculus,James Stewart,1019,62
Mathematics,Elementary Differential Equations and Boundary Value Problems,Richard C. DiPrima,1007,72
Mathematics,Calculus,Jon Rogawski,971,51
Mathematics,University Calculus,Joel Hass,942,50
Mathematics,Introductory Algebra,D. Franklin Wright,915,46
Mathematics,Finite Mathematics and Calculus With Applications,Margaret L. Lial,888,46
Mathematics,Calculus With Applications,Margaret L. Lial,875,48
Mathematics,A Survey of Mathematics With Applications,Christine D. Abbott,860,43
Mathematics,Precalculus,Robert Blitzer,846,43
Mathematics,"College Mathematics for Business, Economics, Life Sciences, and Social Sciences",Karl Byleen,796,41
Mathematics,College Algebra,Paul Sisson,789,39
Mathematics,The Basic Practice of Statistics,David S. Moore,764,65
Mathematics,Precalculus With Limits,Ron Larson,744,39
Mathematics,Mathematical Reasoning for Elementary Teachers,Duane W. DeTemple,744,38
Mathematics,Discrete Mathematics With Applications,Susanna S. Epp,726,55
Mathematics,Prealgebra,K. Elayn Martin-Gay,722,37
Mathematics,Beginning and Intermediate Algebra,Julie Miller,720,36
Mathematics,Elementary Differential Equations,William E. Boyce,708,43
Mathematics,Precalculus,Ron Larson,701,39
Mathematics,A First Course in Probability,Sheldon M. Ross,687,73
Mathematics,Calculus and Its Applications,Marvin L. Bittinger,680,36
Mathematics,Mathematical Ideas,Miller; Heeren Hornsby,653,35
Mathematics,Algebra and Trigonometry,Robert Blitzer,641,33
Mathematics,Trigonometry,Mark Dugopolski,636,32
Mathematics,Calculus,Deborah Hughes-Hallett,608,37
Mathematics,Multivariable Calculus,James Stewart,606,52
Mathematics,Basic College Mathematics With Early Integers,K. Elayn Martin-Gay,606,30
Mathematics,Algebra for College Students,Robert Blitzer,604,30
Mathematics,Introductory Algebra,Marvin L. Bittinger,596,35
Mathematics,Intermediate Algebra for College Students,Robert Blitzer,590,29
Mathematics,Statistical Inference,George Casella,586,65
Mathematics,Intermediate Algebra: Concepts and Applications,Marvin L. Bittinger,576,49
Mathematics,Developmental Mathematics,D. Franklin Wright,572,37
Mathematics,Principles of Mathematical Analysis,Walter Rudin,570,74
Mathematics,Elementary and Intermediate Algebra: Graphs and Models,Marvin L. Bittinger,563,29
Mathematics,Probability and Statistics for Engineering and the Sciences,Jay L. Devore,560,62
Mathematics,Abstract Algebra,David Steven Dummit,560,49
Mathematics,Precalculus Mathematics for Calculus,L. Redlin,559,31
Mathematics,Introductory and Intermediate Algebra for College Students,Robert Blitzer,559,28
Mathematics,Essentials of College Algebra,Margaret L. Lial,559,28
Mathematics,Reconceptualizing Mathematics: For Elementary School Teachers,Judith T. Sowder,555,31
Mathematics,Excursions in Modern Mathematics,Peter Tannenbaum,554,29
Mathematics,Calculus of a Single Variable,Ron Larson,546,36
Mathematics,Mathematics: A Practical Odyssey,David B. Johnson,540,28
Mathematics,Applied Calculus,Deborah Hughes-Hallett,530,27
Mathematics,Elementary Linear Algebra,Howard Anton,529,69
Mathematics,Precalculus: Functions and Graphs,Earl William Swokowski,504,28
Mathematics,Trigonometry,Charles P. McKeague,488,25
Mathematics,Elementary and Intermediate Algebra,Janet Mazzarella,488,25
Mathematics,Contemporary Abstract Algebra,Joseph A. Gallian,486,48
Mathematics,Mathematics for Elementary Teachers: A Contemporary Approach,Gary L. Musser,483,31
Mathematics,College Algebra,Julie Miller,476,24
Mathematics,Elementary Linear Algebra,Ron Larson,473,36
Mathematics,Statistics: The Art and Science of Learning From Data,Alan Agresti,472,32
Mathematics,Finite Mathematics,Margaret L. Lial,469,24
Mathematics,Calculus Early Transcendentals,George Brinton Thomas,468,25
Mathematics,Understandable Statistics: Concepts and Methods,Charles Henry Brase,460,25
Mathematics,Basic Mathematics,Charles P. McKeague,447,23
Mathematics,Fundamentals of Statistics,Michael Sullivan,441,24
Mathematics,Elementary and Intermediate Algebra,Tom Carson,440,22
Mathematics,A First Course in Abstract Algebra,John B. Fraleigh,439,56
Mathematics,College Algebra,Mark Dugopolski,437,22
Mathematics,Thomas' Calculus: Early Transcendentals,Maurice D. Weir,432,23
Mathematics,Differential Equations,Paul Blanchard,426,24
Mathematics,College Algebra,R. David Gustafson,426,21
Mathematics,Introductory Algebra for College Students,Robert Blitzer,425,22
Mathematics,"Mathematical Applications for the Management, Life, and Social Sciences",Ronald J. Harshbarger,417,25
Mathematics,Introduction to Mathematical Statistics,Robert V. Hogg,416,67
Mathematics,Beginning and Intermediate Algebra,Sherri Messersmith,414,21
Mathematics,How to Lie With Statistics,Darrell Huff,408,70
Mathematics,Statistics for Management and Economics,Gerald Keller,408,59
Psychology,Exploring Psychology,David G. Myers,2443,89
Psychology,Psychology,David G. Myers,1660,85
Psychology,Mastering the World of Psychology,Samuel E. Wood,1224,59
Psychology,Theory and Practice of Counseling and Psychotherapy,Gerald Corey,1172,80
Psychology,Social Psychology,David G. Myers,1151,77
Psychology,Self-Actualization,Abraham H. Maslow,1016,68
Psychology,The Science of Psychology: An Appreciative View,Laura A. King,995,49
Psychology,Social Psychology,Elliot Aronson,989,73
Psychology,Methods in Behavioral Research,Paul C. Cozby,980,64
Psychology,Discovering Psychology,Don H. Hockenbury,953,49
Psychology,Psychology in Action,Karen Huffman,950,52
Psychology,Psychology: Themes and Variations,Wayne Weiten,942,76
Psychology,Psychology,Saundra K. Ciccarelli,939,57
Psychology,Invitation to the Life Span,Kathleen Stassen Berger,870,44
Psychology,Abnormal Psychology,Ronald J. Comer,843,49
Psychology,The Developing Person Through the Life Span,Kathleen Stassen Berger,797,52
Psychology,Counseling the Culturally Diverse: Theory and Practice,Derald Wing Sue,739,55
Psychology,Biological Psychology,James W. Kalat,719,65
Psychology,Abnormal Psychology: An Introduction,Vincent Mark Durand,695,59
Psychology,The Developing Person,Kathleen Stassen Berger,690,42
Psychology,Our Sexuality,Robert Crooks,686,45
Psychology,The Theory and Practice of Group Psychotherapy,Irvin D. Yalom,680,75
Psychology,Issues and Ethics in the Helping Professions,Gerald Corey,670,63
Psychology,Life-Span Development,John W. Santrock,655,56
Psychology,Psychology: The Adaptive Mind,James S. Nairne,648,35
Psychology,Psychology in Everyday Life,David G. Myers,643,33
Psychology,Man's Search for Meaning: An Introduction to Logotherapy,Viktor E. Frankl,623,81
Psychology,The Elements of Style,William Strunk,620,100
Psychology,Social Psychology,Saul M. Kassin,605,43
Psychology,Psychology,Don H. Hockenbury,557,29
Psychology,Intentional Interviewing and Counseling: Facilitating Client Development in a Multicultural Society,Allen E. Ivey,541,53
Psychology,I Never Knew I Had a Choice,Gerald Corey,540,33
Psychology,Fundamentals of Abnormal Psychology,Ronald J. Comer,529,32
Psychology,Psychological Science,Michael S. Gazzaniga,516,33
Psychology,The Complete Adult Psychotherapy Treatment Planner,Arthur E. Jongsma,498,31
Psychology,Groups: Process and Practice,Marianne Schneider Corey,493,71
Psychology,The Gift of Therapy: An Open Letter to a New Generation of Therapists and Their Patients,Irvin D. Yalom,493,40
Psychology,A Short Guide to Writing About Psychology,Dana Dunn,487,26
Psychology,Life-Span Human Development,Carol K. Sigelman,482,36
Psychology,Family Therapy: Concepts and Methods,Michael P. Nichols,481,42
Psychology,Exploring Lifespan Development,Laura E. Berk,467,33
Psychology,The Skilled Helper: A Problem-Management and Opportunity-Development Approach to Helping,Gerard Egan,466,90
Psychology,"The Internship, Practicum, and Field Placement Handbook: A Guide for the Helping Professions",Brian N. Baird,460,53
Psychology,Post-Traumatic Stress Disorder,Institute of Mental Health,457,59
Psychology,Research Methods in Psychology: Evaluating a World of Information,Beth Morling,453,27
Psychology,Visualizing Psychology,Siri Carpenter,451,23
Psychology,Research Methods in Psychology,John J. Shaughnessy,448,40
Psychology,Sensation and Perception,E. Bruce Goldstein,445,51
Psychology,Adolescence,John W. Santrock,445,38
Psychology,Human Development: A Cultural Approach,Jeffrey Jensen Arnett,440,23
Psychology,Development Through the Lifespan,Laura E. Berk,438,53
Psychology,Moral Development,Kohlberg,437,82
Psychology,Human Development: A Life-Span View,Robert V. Kail,432,31
Psychology,Psychology Applied to Modern Life: Adjustment in the 21st Century,Wayne Weiten,429,34
Psychology,Essentials of Statistics for the Behavioral Sciences,Frederick J. Gravetter,427,46
Psychology,Biopsychology,John P. J. Pinel,412,67
Psychology,Individual Psychology,Alfred Adler,411,29
Psychology,The Personality Puzzle,David Charles Funder,407,27
Psychology,Handbook of Social Psychology,Gardner Lindzey,403,52
Psychology,Psychology: A Journey,Dennis Coon,389,22
Psychology,Current Psychotherapies,Raymond J. Corsini,386,41
Psychology,Human Development,Diane E. Papalia,385,43
Psychology,Genograms: Assessment and Intervention,Monica McGoldrick,384,39
Psychology,Theories of Personality,Jess Feist,383,24
Psychology,Foundations of Sport and Exercise Psychology,Robert S. Weinberg,382,66
Psychology,Essentials of Life-Span Development,John W. Santrock,378,21
Psychology,Physiology of Behavior,Neil R. Carlson,377,60
Psychology,Social Cognitive Theory,Albert Bandura,376,50
Psychology,"Cognitive Psychology: Connecting Mind, Research, and Everyday Experience",E. Bruce Goldstein,371,31
Psychology,Adolescence,Laurence D. Steinberg,369,30
Psychology,Experience Psychology,Laura A. King,368,19
Psychology,Introduction to Psychology,James W. Kalat,362,22
Psychology,Emotional Intelligence,Daniel Goleman,359,94
Psychology,Learning the Art of Helping: Building Blocks and Techniques,Mark E. Young,359,25
Psychology,Essentials of Abnormal Psychology,Vincent Mark Durand,355,22
Psychology,Understanding Human Sexuality,Janet Shibley Hyde,345,27
Psychology,The Counseling Practicum and Internship Manual: A Resource for Graduate Counseling Students,Shannon Hodges,342,17
Psychology,Child Development,Robert S. Feldman,341,31
Psychology,Ethnicity and Family Therapy,Monica McGoldrick,340,40
Psychology,Assessment of Children: Cognitive Foundations,Jerome M. Sattler,339,44
Psychology,Adolescence and Emerging Adulthood: A Cultural Approach,Jeffrey Jensen Arnett,336,29
Psychology,Love's Executioner and Other Tales of Psychotherapy,Irvin D. Yalom,334,26
Psychology,Study Guide to Accompany Exploring Psychology,Richard O. Straub,332,17
Psychology,Clinical Handbook of Psychological Disorders: A Step-By-Step Treatment Manual,David H. Barlow,327,38
Psychology,A Topical Approach to Life-Span Development,John W. Santrock,327,22
Psychology,Social Learning Theory,Albert Bandura,326,69
Psychology,On Being a Therapist,Jeffrey A. Kottler,326,20
Psychology,Family Therapy: An Overview,Irene Goldenberg,321,36
Psychology,Experience Human Development,Diane E. Papalia,318,18
Psychology,Theory and Practice of Group Counseling,Gerald Corey,316,39
Psychology,Human Sexuality,Roger R. Hock,316,17
Psychology,Dibs in Search of Self,Virginia M. Axline,315,30
Psychology,Abnormal Child Psychology,David A. Wolfe,314,28
Psychology,Cognitive Therapy,Judith S. Beck,307,39
Psychology,Handbook of Psychological Assessment,Gary Groth-Marnat,299,26
Psychology,On Being Sane in Insane Places,D. L. Rosenhan,293,54
Psychology,On Becoming a Person: A Therapist's View of Psychotherapy,Carl R. Rogers,293,53
Psychology,Influence: Science and Practice,Robert B. Cialdini,288,77
Psychology,How Children Develop,Judy S. Deloache,288,29
Psychology,Educational Psychology,Anita Woolfolk,287,71
Computer Science,Introduction to Algorithms,Thomas H. Cormen,1867,99
Computer Science,The C Programming Language,Brian W. Kernighan,1472,98
Computer Science,Artificial Intelligence: A Modern Approach,Stuart J. Russell,1471,97
Computer Science,Computer Networking: A Top-Down Approach Featuring the Internet,James F. Kurose,1376,97
Computer Science,Computer Organization and Design: The Hardware/Software Interface,John L. Hennessy,1330,91
Computer Science,C: How to Program,Harvey M. Deitel,1282,90
Computer Science,Operating System Concepts,Abraham Silberschatz,1234,97
Computer Science,Java: How to Program,Harvey M. Deitel,1037,89
Computer Science,Fundamentals of Database Systems,Ramez Elmasri,981,98
Computer Science,Computer Networks a Systems Approach,Bruce S. Davie,878,86
Computer Science,Starting Out With C++: From Control Structures Through Objects,Tony Gaddis,846,43
Computer Science,Introduction to Java Programming: Comprehensive Version,Y. Daniel Liang,801,78
Computer Science,Computer Architecture: A Quantitative Approach,John L. Hennessy,771,86
Computer Science,Computer Networks,Andrew S. Tanenbaum,720,98
Computer Science,Computer Systems: A Programmer's Perspective,Randal E. Bryant,637,44
Computer Science,Starting Out With Java,Tony Gaddis,633,39
Computer Science,Principles of Information Security,Michael E. Whitman,596,68
Computer Science,Problem Solving With C: The Object of Programming,Walter J. Savitch,582,57
Computer Science,Modern Operating Systems,Andrew S. Tanenbaum,575,91
Computer Science,The Design of Everyday Things,Donald A. Norman,566,92
Computer Science,Nist,Institute of Standards and Technology,546,68
Computer Science,Machine Learning,Tom M. Mitchell,545,81
Computer Science,"Compilers: Principles, Techniques, and Tools",Alfred V. Aho,539,85
Computer Science,Introduction to the Theory of Computation,Michael Sipser,535,87
Computer Science,C++ Programming: From Problem Analysis to Program Design,D. S. Malik,533,34
Computer Science,The C++ Programming Language,Bjarne Stroustrup,524,87
Computer Science,"Database Systems: Design, Implementation, and Management",Carlos Coronel,520,75
Computer Science,Software Engineering: A Practitioner's Approach,Roger S. Pressman,514,97
Computer Science,Security+ Guide to Network Security Fundamentals,Mark D. Ciampa,505,33
Computer Science,Database Management Systems,Johannes Gehrke,504,86
Computer Science,Algorithm Design,E.́va Tardos,500,64
Computer Science,Don't Make Me Think!: A Common Sense Approach to Web Usability,Steve Krug,497,62
Computer Science,Design Patterns: Abstraction and Reuse of Object-Oriented Design,Erich Gamma,493,74
Computer Science,Introduction to Programming With Java: A Problem Solving Approach,John Dean,475,25
Computer Science,UML Distilled: A Brief Guide to the Standard Object Modeling Language,Martin Fowler,473,70
Computer Science,Designing the User Interface: Strategies for Effective Human-Computer Interaction,Ben Shneiderman,470,64
Computer Science,Software Engineering,Ian Sommerville,465,96
Computer Science,Operating Systems: Internals and Design Principles,William Stallings,465,87
Computer Science,Network+ Guide to Networks,Tamara Dean,465,30
Computer Science,Discrete Mathematics and Its Applications,Kenneth H. Rosen,464,95
Computer Science,Computer Graphics: Principles and Practice,James D. Foley,457,83
Computer Science,Database System Concepts,Abraham Silberschatz,454,94
Computer Science,Interactive Computer Graphics: A Top-Down Approach With OpenGL,Edward Angel,445,49
Computer Science,Concepts of Programming Languages,Robert W. Sebesta,442,46
Computer Science,HTML and CSS: Design and Build Websites,Jon Duckett,438,49
Computer Science,Advanced Programming in the UNIX Environment,W. Richard Stevens,431,47
Computer Science,Public Key Cryptography,International Workshop on Practice and Theory in Public Key Cryptography,426,79
Computer Science,The Mythical Man-Month: Essays on Software Engineering,Frederick P. Brooks,425,51
Computer Science,Human Factors in Computing Systems,Acm,419,72
Computer Science,Big Java,Cay S. Horstmann,419,50
Computer Science,Human-Computer Interaction,IEEE International Workshop on Human-Computer Interaction,418,68
Computer Science,Data and Computer Communications,William Stallings,417,89
Computer Science,Java: An Introduction to Problem Solving and Programming,Walter J. Savitch,416,28
Computer Science,Java Software Solutions: Foundations of Program Design,John Lewis,414,27
Computer Science,Security in Computing,Charles P. Pfleeger,405,80
Computer Science,UNIX Network Programming,W. Richard Stevens,405,64
Computer Science,A+ Guide to Managing and Maintaining Your PC,Jean Andrews,405,34
Computer Science,Interaction Design: Beyond Human-Computer Interaction,Jenny Preece,395,81
Computer Science,Python Programming: An Introduction to Computer Science,John M. Zelle,395,27
Computer Science,Thinking in Java,Bruce Eckel,389,48
Computer Science,Starting Out With C++ Early Objects,Tony Gaddis,380,24
Computer Science,Cryptography and Network Security: Principles and Practice,William Stallings,376,94
Computer Science,Pattern Recognition and Machine Learning,Christopher M. Bishop,375,90
Computer Science,Internetworking With TCP/IP,Douglas Comer,371,66
Computer Science,The Elements of Statistical Learning,Trevor Hastie,363,92
Computer Science,Database Systems: The Complete Book,Hector Garcia-Molina,363,53
Computer Science,Applying UML and Patterns: An Introduction to Object-Oriented Analysis and Design and the Unified Process,Craig Larman,347,55
Computer Science,Data Mining: Concepts and Techniques,Jiawei Han,342,93
Computer Science,Absolute C,Walter J. Savitch,342,22
Computer Science,"Speech and Language Processing: An Introduction to Natural Language Processing, Computational Linguistics, and Speech Recognition",Dan Jurafsky,341,80
Computer Science,Computer Organization and Architecture: Designing for Performance,William Stallings,336,90
Computer Science,Data Structures and Algorithm Analysis in C,Mark Allen Weiss,319,74
Computer Science,"A Gift of Fire: Social, Legal, and Ethical Issues in Computing and Internet",Sara Baase,315,44
Computer Science,TCP/IP Illustrated,W. Richard Stevens,313,52
Computer Science,C++ Primer,Stanley B. Lippman,311,58
Computer Science,The Java Programming Language,Ken Arnold,308,38
Computer Science,Security Engineering: A Guide to Building Dependable Distributed Systems,Ross Anderson,305,52
Computer Science,Computer Networks and Internets,Douglas Comer,305,51
Computer Science,Java in a Nutshell: A Desktop Quick Reference,David Flanagan,302,26
Computer Science,Programming Language Pragmatics,Michael Lee Scott,298,25
Computer Science,Modern Database Management,Jeffrey A. Hoffer,293,39
Computer Science,A Guide to Working With Visual Logic,Chip Murphy,293,15
Computer Science,Internet and World Wide Web: How to Program,Harvey M. Deitel,289,67
Computer Science,"OpenGL Programming Guide: The Official Guide to Learning OpenGL, Release 1",Jackie Neider,286,22
Computer Science,Pattern Classification and Scene Analysis,Richard O. Duda,285,82
Computer Science,Computer Vision: A Modern Approach,David Forsyth,284,50
Computer Science,C# Programming: From Problem Analysis to Program Design,Barbara Doyle,278,18
Computer Science,Computer Science: An Overview,J. Glenn Brookshear,277,41
Computer Science,"C, a Reference Manual",Samuel P. Harbison,274,19
Computer Science,Data Mining: Practical Machine Learning Tools and Techniques,I. H. Witten,270,73
Computer Science,C Programming: A Modern Approach,K. N. King,270,30
Computer Science,A First Course in Database Systems,Jennifer D. Widom,270,25
Computer Science,Business Data Communications and Networking,Jerry FitzGerald,268,28
Computer Science,Distributed Systems: Principles and Paradigms,Andrew S. Tanenbaum,264,61
Computer Science,C++ Primer Plus,Stephen Prata,258,34
Computer Science,Guide to Computer Forensics and Investigations,Amelia Phillips,258,32
Computer Science,Starting Out With Python,Tony Gaddis,258,17
Computer Science,As We May Think,Vannevar Bush,256,72
Computer Science,Introduction to Data Mining,Michael Steinbach,255,71
Computer Science,Starting Out With C,Tony Gaddis,252,16
Biology,Human Anatomy and Physiology,Elaine Nicpon Marieb,5181,100
Biology,Human Anatomy and Physiology Laboratory Manual,Elaine Nicpon Marieb,4164,96
Biology,Biology,Neil A. Campbell,3629,99
Biology,Fundamentals of Anatomy and Physiology,Frederic Martini,3234,97
Biology,Anatomy and Physiology: The Unity of Form and Function,Kenneth S. Saladin,2190,88
Biology,Principles of Anatomy and Physiology,Gerard J. Tortora,1685,98
Biology,Biology: Concepts and Investigations,Mariëlle Hoefnagels,1667,74
Biology,Microbiology: An Introduction,Gerard J. Tortora,1652,91
Biology,Microbiology,Robert W. Bauman,1374,75
Biology,Visual Anatomy and Physiology,Frederic Martini,1170,61
Biology,Molecular Biology of the Cell,Bruce Alberts,1141,99
Biology,Biological Science,Scott Freeman,967,54
Biology,Photographic Atlas for the Microbiology Laboratory,Michael J. Leboffe,857,51
Biology,Hole's Human Anatomy and Physiology,David Shier,783,48
Biology,Writing Papers in the Biological Sciences,Vicky McMillan,782,51
Biology,Essentials of the Living World,George B. Johnson,760,38
Biology,Human Physiology: An Integrated Approach,Dee Unglaub Silverthorn,742,74
Biology,The Anatomy Coloring Book,Wynn Kapit,720,62
Biology,Essentials of Human Anatomy and Physiology,Elaine Nicpon Marieb,717,80
Biology,Foundations in Microbiology,Kathleen P. Talaro,690,51
Biology,Inquiry Into Life,Sylvia S. Mader,687,42
Biology,Microbiology: Laboratory Theory and Application,Michael J. Leboffe,679,36
Biology,Laboratory Manual for Anatomy and Physiology,Connie Allen,677,35
Biology,Molecular Cell Biology,Harvey F. Lodish,670,93
Biology,Human Biology,Sylvia S. Mader,601,39
Biology,The Origin of Species,Charles Darwin,586,95
Biology,Concepts of Biology,Sylvia S. Mader,573,29
Biology,Biology: The Unity and Diversity of Life,Cecie Starr,570,35
Biology,Biology: Science and Life,Michael R. Cummings,567,53
Biology,Brock Biology of Microorganisms,Michael T. Madigan,564,95
Biology,A Short Guide to Writing About Biology,Jan A. Pechenik,525,58
Biology,Essential Cell Biology,Bruce Alberts,517,75
Biology,Campbell Biology in Focus,Lisa A. Urry,516,28
Biology,Biology Concepts and Connections,Jane B. Reece,514,30
Biology,Human Anatomy and Physiology,John W. Hole,513,30
Biology,Campbell Essential Biology,Eric J. Simon,510,27
Biology,Essentials of Biology,Sylvia S. Mader,508,26
Biology,A Visual Analogy Guide to Human Anatomy,Paul A. Krieger,501,28
Biology,Principles of Neural Science,Eric R. Kandel,487,87
Biology,Anatomy and Physiology Coloring Workbook: A Complete Study Guide,Elaine Nicpon Marieb,485,33
Biology,Lehninger Principles of Biochemistry,Michael M. Cox,480,90
Biology,Campbell Essential Biology With Physiology,Eric J. Simon,479,25
Biology,Anatomy and Physiology an Integrative Approach,Theresa Stouter Bidle,478,27
Biology,Evolutionary Analysis,Scott Freeman,472,45
Biology,Developmental Biology,Scott F. Gilbert,460,71
Biology,Integrated Principles of Zoology,Cleveland P. Hickman,457,34
Biology,Human Anatomy,Elaine Nicpon Marieb,456,31
Biology,Human Physiology,Stuart Ira Fox,455,36
Biology,Biology: Laboratory Manual: Customized for Schoolcraft College,Sylvia S. Mader,450,23
Biology,Biology of Plants,Peter H. Raven,445,44
Biology,A Brief Atlas of the Human Body,Matt Hutchinson,436,26
Biology,Biology: Life on Earth,Teresa Audesirk,433,27
Biology,Microbiology: A Human Perspective,Eugene W. Nester,430,30
Biology,Anatomy and Physiology: From Science to Life,Gerard J. Tortora,415,58
Biology,Lehninger Principles of Biochemistry,Albert L. Lehninger,404,95
Biology,Hole's Essentials of Human Anatomy and Physiology,David Shier,388,28
Biology,Dictionary of Word Roots and Combining Forms,Donald Joyce Borror,380,21
Biology,Biology,Peter H. Raven,379,25
Biology,Get Ready for A&P,Lori K. Garrett,379,22
Biology,Life: The Science of Biology,David E. Sadava,378,37
Biology,Biology Laboratory Manual,Darrell S. Vodopich,376,19
Biology,Neuroscience,Dale Purves,373,61
Biology,Biochemistry,Lubert Stryer,370,97
Biology,Marine Biology,Michael E. Huber,361,25
Biology,Ecology: Concepts and Applications,Manuel C. Molles,351,28
Biology,Biology (The Unity and Diversity of Life),Starr Taggart,346,24
Biology,What Is Life?: A Guide to Biology With Physiology,Jay Phelan,344,18
Biology,Human Anatomy and Physiology,Frederic Martini,331,19
Biology,Biology: A Guide to the Natural World,David Krogh,331,19
Biology,Anatomy and Physiology: An Integrative Approach,Michael P. McKinley,328,18
Biology,Microbiology: Principles and Explorations,Jacquelyn G. Black,315,38
Biology,Human Genetics: Concepts and Applications,Ricki Lewis,311,33
Biology,Human Physiology: From Cells to Systems,Lauralee Sherwood,305,54
Biology,Anatomy and Physiology,Rod R. Seeley,305,30
Biology,Human Biology: Concepts and Current Issues,Michael D. Johnson,304,17
Biology,A Photographic Atlas for the Anatomy and Physiology Laboratory,Kent Van De Graaff,304,16
Biology,Human Anatomy and Physiology,Erin C. Amerman,298,16
Biology,Fundamentals of Anatomy and Physiology,Donald C. Rizzo,291,17
Biology,Evolution by Natural Selection,Charles Darwin,290,36
Biology,Laboratory Manual: Inquiry Into Life,Sylvia S. Mader,287,15
Biology,Elements of Ecology,Robert Leo Smith,286,33
Biology,Introductory Plant Biology,Kingsley R. Stern,281,20
Biology,The Elements of Style,William Strunk,277,100
Biology,Genetics: A Conceptual Approach,Benjamin A. Pierce,276,36
Biology,Animal Behavior: An Evolutionary Approach,John Alcock,275,45
Biology,Principles of Life,David M. Hillis,274,14
Biology,Anatomy and Physiology,Frederic Martini,272,18
Biology,A Handbook of Biological Investigation,Harrison W. Ambrose,272,15
Biology,Atlas of Human Anatomy,Frank H. Netter,265,61
Biology,Neuroscience: Exploring the Brain,Mark F. Bear,256,70
Biology,Human Anatomy,Robert B. Tallitsch,255,23
Biology,Biology,Sylvia S. Mader,255,17
Biology,A Photographic Atlas for the Biology Laboratory,John L. Crawley,254,13
Biology,A Sand County Almanac,Aldo Leopold,250,89
Biology,Genetics: From Genes to Genomes,Leland Hartwell,250,26
Biology,Photographic Atlas for the Biology Laboratory,Kent M. Van De Graaff,242,13
Biology,Microbiology,Lansing M. Prescott,240,62
Biology,Human Anatomy and Physiology Manual,Elaine N. Marieb; Susan J. Mitchell,240,12
Biology,Principles of Human Anatomy,Gerard J. Tortora,239,21
Biology,Cell and Molecular Biology: Concepts and Experiments,Gerald Karp,238,74
Economics,Principles of Microeconomics,N. Gregory Mankiw,1852,92
Economics,Principles of Economics,N. Gregory Mankiw,1327,90
Economics,Principles of Macroeconomics,N. Gregory Mankiw,1154,81
Economics,Introductory Econometrics: A Modern Approach,Jeffrey M. Wooldridge,1037,96
Economics,Macroeconomics,N. Gregory Mankiw,984,90
Economics,International Economics: Theory and Policy,Paul R. Krugman,980,97
Economics,Microeconomics,Robert S. Pindyck,949,94
Economics,An Inquiry Into the Nature and Causes of the Wealth of Nations,Adam Smith,902,98
Economics,Intermediate Microeconomics: A Modern Approach,Hal R. Varian,761,95
Economics,Macroeconomics,Paul R. Krugman,734,44
Economics,The Problem of Social Cost,R. H. Coase,721,73
Economics,Microeconomic Theory,Andreu Mas-Colell,686,83
Economics,"The Economics of Money, Banking, and Financial Markets",Frederic S. Mishkin,659,85
Economics,Macroeconomics,Stanley L. Brue,621,33
Economics,Econometric Analysis,William H. Greene,616,88
Economics,Economics Today,Roger LeRoy Miller,613,41
Economics,Introduction to Econometrics,James H. Stock,603,80
Economics,Principles of Economics,Ray C. Fair,601,45
Economics,Macroeconomics,Olivier Blanchard,579,80
Economics,Microeconomic Theory: Basic Principles and Extensions,Walter Nicholson,572,55
Economics,Microeconomics,Paul R. Krugman,569,36
Economics,"Economics: Principles, Applications, and Tools",Arthur O.'Sullivan,569,30
Economics,Microeconomics,McConnell Brue,558,37
Economics,Microeconomic Analysis,Hal R. Varian,552,72
Economics,Microeconomics,Jeffrey M. Perloff,533,62
Economics,Handbook of Labor Economics,Orley Ashenfelter,518,52
Economics,The Economy Today,Bradley R. Schiller,512,27
Economics,"The General Theory of Employment, Interest, and Money",John Maynard Keynes,508,75
Economics,Fundamental Methods of Mathematical Economics,Alpha C. Chiang,500,80
Economics,Advanced Macroeconomics,David Romer,498,84
Economics,The Elusive Quest for Growth: Economists' Adventures and Misadventures in the Tropics,William Easterly,489,61
Economics,Quarterly Review,Reserve Bank of Minneapolis,486,43
Economics,Foundations of Economics,Robin Bade,483,26
Economics,Modern Principles: Macroeconomics,Tyler Cowen,434,24
Economics,Econometric Analysis of Cross Section and Panel Data,Jefrey M. Wooldridge,429,81
Economics,Development Economics,Debraj Ray,429,70
Economics,The Use of Knowledge in Society,F. A. Hayek,425,53
Economics,The Economics of Public Issues,Roger LeRoy Miller,414,29
Economics,Principles of Economics,F. M. Taylor,412,23
Economics,"Microeconomics: Principles, Problems, and Policies",Campbell R. McConnell,410,24
Economics,"The Worldly Philosophers: The Lives, Times, and Ideas of the Great Economic Thinkers",Robert L. Heilbroner,405,56
Economics,Public Finance and Public Policy,Jonathan Gruber,399,38
Economics,Essentials of Economics,Bradley R. Schiller,395,24
Economics,Microeconomics,David Besanko,388,42
Economics,"Economics: Principles, Problems, and Policies",Campbell R. McConnell,388,28
Economics,Managerial Economics and Business Strategy,Michael R. Baye,387,43
Economics,The Colonial Origins of Comparative Development: An Empirical Investigation,Daron Acemoglu,385,62
Economics,Foundations of Macroeconomics,Michael Parkin,384,21
Economics,Environmental and Natural Resource Economics,Thomas H. Tietenberg,382,53
Economics,Mostly Harmless Econometrics,Joshua D. Angrist,378,73
Economics,Labor Economics,George J. Borjas,378,45
Economics,The Tragedy of the Commons,Garrett Hardin,375,97
Economics,Microeconomics,Michael Parkin,370,43
Economics,Microeconomics,D. P. O.’Brien,369,21
Economics,Economics,Roger A. Arnold,365,20
Economics,Recursive Macroeconomic Theory,Lars Ljungqvist,363,45
Economics,Modern Labor Economics: Theory and Public Policy,Ronald G. Ehrenberg,363,33
Economics,Time Series Analysis,James D. Hamilton,361,56
Economics,Economical Writing,Deirdre N. McCloskey,359,34
Economics,Economic Growth,Robert J. Barro,358,67
Economics,Game Theory for Applied Economists,Robert Gibbons,358,38
Economics,A Contribution to the Empirics of Economic Growth,N. Gregory Mankiw,352,34
Economics,The Theory of Industrial Organization,Jean Tirole,346,54
Economics,The Macro Economy Today,Bradley R. Schiller,333,18
Economics,Brief Principles of Macroeconomics,N. Gregory Mankiw,333,18
Economics,Foundations of Microeconomics,Michael Parkin,319,18
Economics,The Nature of the Firm,R. H. Coase,318,60
Economics,Using Econometrics: A Practical Guide,A. H. Studenmund,316,32
Economics,A Guide to Econometrics,Peter Kennedy,313,54
Economics,Foundations of International Macroeconomics,Maurice Obstfeld,311,40
Economics,Game Theory,Drew Fudenberg,305,48
Economics,Recursive Methods in Economic Dynamics,Nancy L. Stokey,304,33
Economics,Principles of Microeconomics,Robert H. Frank,302,23
Economics,Macroeconomics,Andrew B. Abel,301,36
Economics,"The Market for ""Lemons"": Quality Uncertainty and the Market Mechanism",George A. Akerlof,300,36
Economics,Economic Development,Michael P. Todaro,294,80
Economics,Principles of Macroeconomics,Ray C. Fair,291,17
Economics,The Micro Economy Today,Bradley R. Schiller,290,15
Economics,Handbook of Macroeconomics: Volume 1B,Michael Woodford,288,33
Economics,Macroeconomics,D. P. O.’Brien,288,20
Economics,"Macroeconomics: Principles, Problems, and Policies",Campbell R. McConnell,273,19
Economics,Capitalism and Freedom,Milton Friedman,272,77
Economics,Urban Economics,Arthur O.'Sullivan,268,30
Economics,Basic Econometrics,Damodar N. Gujarati,264,88
Economics,Public Finance,Harvey S. Rosen,261,24
Economics,Principles of Economics,Ben Bernanke,259,35
Economics,Modern Industrial Organization,Jeffrey M. Perloff,255,48
Economics,Handbook of Public Economics,Martin Feldstein,247,25
Economics,"Capitalism, Socialism, and Democracy",Joseph A. Schumpeter,246,78
Economics,Macroeconomics for Today,Irvin B. Tucker,245,13
Economics,Lectures on Macroeconomics,Olivier Blanchard,244,30
Economics,"Guns, Germs, and Steel: The Fates of Human Societies",Jared M. Diamond,243,94
Economics,Mathematics for Economists,Lawrence Blume,243,55
Economics,The Armchair Economist: Economics and Everyday Life,Steven E. Landsburg,243,20
Economics,Globalization and Its Discontents,Joseph E. Stiglitz,242,90
Economics,A Course in Microeconomic Theory,David M. Kreps,242,38
Economics,A Contribution to the Theory of Economic Growth,Robert M. Solow,241,23
Economics,Schooling and Labor Market Consequences of School Construction in Indonesia: Evidence From an Unusual Policy Experiment,Esther Duflo,241,21
Economics,"Divergence, Big Time",Lant Pritchett,240,23
Economics,Microeconomics,David C. Colander,239,16
Engineering,Materials Science and Engineering: An Introduction,William D. Callister,951,95
Engineering,Engineering Mechanics,R. C. Hibbeler,721,63
Engineering,Electric Circuits,Susan A. Riedel,632,50
Engineering,Thermodynamics: An Engineering Approach,Yunus A. C.̧engel,540,82
Engineering,Fundamentals of Engineering Thermodynamics,Michael J. Moran,530,64
Engineering,Studying Engineering: A Road Map to a Rewarding Career,Raymond B. Landis,522,30
Engineering,Mechanics of Materials,R. C. Hibbeler,508,62
Engineering,Fundamentals of Electric Circuits,Matthew Sadiku,483,54
Engineering,Engineering Mechanics - Statics and Dynamics,Russell C. Hibbeler,466,40
Engineering,Microelectronic Circuits,Adel S. Sedra,416,74
Engineering,Thinking Like an Engineer an Active Learning Approach,Benjamin L. Sill,388,20
Engineering,Electrical Engineering: Principles and Applications,Allan R. Hambley,386,40
Engineering,Fundamentals of Heat and Mass Transfer,Frank P. Incropera,375,70
Engineering,Engineering Mechanics Dynamics,R. C. Hibbeler,366,41
Engineering,Fundamentals of Fluid Mechanics,T. H. Okiishi,352,35
Engineering,Vector Mechanics for Engineers,E. Russell Johnston,351,41
Engineering,Feedback Control of Dynamic Systems,Gene F. Franklin,341,72
Engineering,The Art of Electronics,Paul Horowitz,329,78
Engineering,Discrete-Time Signal Processing,Alan V. Oppenheim,318,77
Engineering,Thinking Like an Engineer: An Active Learning Approach,Elizabeth A. Stephan,299,16
Engineering,Modern Control Systems,Richard C. Dorf,293,81
Engineering,Digital Integrated Circuits: A Design Perspective,Jan M. Rabaey,288,62
Engineering,Fluid Mechanics,Potter Fluid,269,88
Engineering,Engineering Your Future: A Comprehensive Introduction to Engineering,William C. Oakes,269,15
Engineering,Modern Control Engineering,Katsuhiko Ogata,259,88
Engineering,Electronic Devices,Thomas L. Floyd,259,59
Engineering,Mechanics of Materials,E. Russell Johnston,254,48
Engineering,Control Systems Engineering,Norman S. Nise,248,68
Engineering,Product Design and Development,Steven Eppinger,244,83
Engineering,Engineering Design: A Materials and Processing Approach,George E. Dieter,242,45
Engineering,Digital Signal Processing,John G. Proakis,239,92
Engineering,Introductory Circuit Analysis,Robert L. Boylestad,232,31
Engineering,Signals and Systems,Alan v. Oppenheim Alan S. Willsky,231,63
Engineering,Engineering Economic Analysis,Donald G. Newnan,227,19
Engineering,Fundamentals of Materials Science and Engineering: An Integrated Approach,William D. Callister,224,24
Engineering,Mechanical Engineering,Economic Development Office,220,14
Engineering,Digital Design: Principles and Practices,John F. Wakerly,217,58
Engineering,Shigley's Mechanical Engineering Design,Richard G. Budynas,216,32
Engineering,Introduction to Fluid Mechanics,Robert W. Fox,214,44
Engineering,CMOS VLSI Design: A Circuits and Systems Perspective,Neil H. E. Weste,212,51
Engineering,Microwave Engineering,David M. Pozar,211,53
Engineering,Digital Fundamentals,Thomas L. Floyd,208,77
Engineering,Solid State Electronic Devices,Ben G. Streetman,204,57
Engineering,Digital Communications,John G. Proakis,203,55
Engineering,Fluid Mechanics,Frank M. White,197,56
Engineering,The Science and Engineering of Materials,Donald R. Askeland,196,50
Engineering,Design of Analog CMOS Integrated Circuits,Behzad Razavi,196,40
Engineering,Fundamentals of Digital Logic With VHDL Design,Stephen D. Brown,195,31
Engineering,Fundamentals of Digital Logic With Verilog Design,Zvonko Vranesic,195,17
Engineering,Introduction to Materials Science for Engineers,James F. Shackelford,194,36
Engineering,Experimental Methods for Engineers,J. P. Holman,191,48
Engineering,Transport Phenomena,R. Byron Bird,186,59
Engineering,Matlab: An Introduction With Applications,Amos Gilat,185,44
Engineering,Analysis and Design of Analog Integrated Circuits,Paul J. Hurst,182,40
Engineering,Engineering Fundamentals and Problem Solving,Arvid R. Eide,176,10
Engineering,Modern Digital and Analog Communication Systems,B. P. Lathi,168,43
Engineering,Logic and Computer Design Fundamentals,Charles Kime,168,31
Engineering,Engineering Design: A Project-Based Introduction,Clive L. Dym,168,22
Engineering,Digital Signal Processing: A Computer-Based Approach,Sanjit Kumar Mitra,167,76
Engineering,Structural Analysis,R. C. Hibbeler,166,34
Engineering,Introduction to Electric Circuits,Richard C. Dorf,166,29
Engineering,Engineering Mechanics,J. L. Meriam,165,70
Engineering,"Probability, Random Variables, and Stochastic Processes",Athanasios Papoulis,165,65
Engineering,Elementary Principles of Chemical Processes,Richard M. Felder,165,45
Engineering,Theory and Design for Mechanical Measurements,R. S. Figliola,164,16
Engineering,Analog Integrated Circuit Design,David Johns,160,24
Engineering,"Electronics Fundamentals: Circuits, Devices, and Applications",Thomas L. Floyd,156,24
Engineering,Design of Machinery: An Introduction to the Synthesis and Analysis of Mechanisms and Machines,Robert L. Norton,156,23
Engineering,Engineering Mechanics: Statics,A. Bedford,155,17
Engineering,Fundamentals of Aerodynamics,John D. Anderson,152,41
Engineering,Linear Systems and Signals,B. P. Lathi,149,30
Engineering,The Elements of Style,William Strunk,147,100
Engineering,Unit Operations of Chemical Engineering,Warren L. McCabe,147,56
Engineering,Experiments in Electronics Fundamentals and Electric Circuits Fundamentals,David Buchla,146,13
Engineering,Introduction to Environmental Engineering,Mackenzie Leo Davis,144,31
Engineering,Fundamentals of Microelectronics,Behzad Razavi,144,14
Engineering,Fluid Mechanics,Pijush K. Kundu,143,59
Engineering,Communication Systems,Simon S. Haykin,142,68
Engineering,Machine Design: An Integrated Approach,Robert L. Norton,142,33
Engineering,Viscous Fluid Flow,Frank M. White,141,21
Engineering,Introduction to Chemical Engineering Thermodynamics,J. M. Smith,140,39
Engineering,Manufacturing Engineering and Technology,Serope Kalpakjian,139,71
Engineering,Vector Mechanics for Engineers,Ferdinand P. Beer,139,37
Engineering,Engineering Economy,William G. Sullivan,139,21
Engineering,Mechanical Engineering Design,Joseph Edward Shigley,137,58
Engineering,Systems Engineering and Analysis,Wolter J. Fabrycky,136,15
Engineering,Numerical Methods for Engineers,Steven C. Chapra,135,67
Engineering,Digital Communications: Fundamentals and Applications,Bernard Sklar,134,39
Engineering,"Fundamentals of Modern Manufacturing: Materials, Processes, and Systems",Mikell P. Groover,133,41
Engineering,Basic Electronics,Bernard Grob,133,23
Engineering,Principles of Geotechnical Engineering,Braja M. Das,132,23
Engineering,Principles of Electric Circuits,Thomas L. Floyd,132,17
Engineering,Engineering Fluid Mechanics,Donald F. Elger,132,14
Engineering,Software Engineering: A Practitioner's Approach,Roger S. Pressman,130,97
Engineering,Wireless Communications: Principles and Practice,Theodore S. Rappaport,130,70
Engineering,Boundary-Layer Theory,Hermann Schlichting,130,30
Engineering,Power System Analysis and Design,J. Duncan Glover,128,35
Engineering,Computer Aided Design,Advanced Course on Computer-Aided Design,127,47
Engineering,The Mechanical Design Process,David G. Ullman,125,19
Engineering,Medical Instrumentation: Application and Design,John G. Webster,124,55
Chemistry,"Chemistry, the Central Science",H. LeMay,2680,94
Chemistry,Chemistry: A Molecular Approach,Nivaldo J. Tro,2026,85
Chemistry,Organic Chemistry,John McMurry,1512,85
Chemistry,"General, Organic, and Biological Chemistry: Structures of Life",Karen C. Timberlake,1396,69
Chemistry,Chemistry,Steven S. Zumdahl,1121,69
Chemistry,Introductory Chemistry,Nivaldo J. Tro,1098,54
Chemistry,Quantitative Chemical Analysis,Daniel C. Harris,1032,87
Chemistry,Organic Chemistry,L. G. Wade,1021,67
Chemistry,Chemistry: The Molecular Nature of Matter and Change,Martin S. Silberberg,895,52
Chemistry,Organic Chemistry,David R. Klein,763,45
Chemistry,"Chemistry: An Introduction to General, Organic, and Biological Chemistry",Karen C. Timberlake,731,47
Chemistry,General Chemistry,Darrell D. Ebbing,702,44
Chemistry,Principles of Instrumental Analysis,Douglas A. Skoog,694,90
Chemistry,Introductory Chemistry: Concepts and Connections,Charles H. Corwin,606,33
Chemistry,Organic Chemistry,Paula Yurkanis Bruice,590,66
Chemistry,Organic Chemistry,Craig B. Fryhle,582,55
Chemistry,"General, Organic, and Biochemistry",K. J. Denniston,482,27
Chemistry,Chemistry and Chemical Reactivity,Paul M. Treichel,476,36
Chemistry,Inorganic Chemistry,Gary L. Miessler,448,48
Chemistry,Chemistry,John McMurry,445,30
Chemistry,Organic Chemistry,F. S. Spring,441,36
Chemistry,The Organic Chem Lab Survival Manual: A Student's Guide to Techniques,James W. Zubrick,407,29
Chemistry,Laboratory Manual for Principles of General Chemistry,J. A. Beran,402,21
Chemistry,Acids and Bases,Gilbert N. Lewis,391,27
Chemistry,Organic Chemistry,Brent L. Iverson,391,22
Chemistry,Physical Chemistry,Julio De Paula,388,60
Chemistry,Inorganic Chemistry,D. F. Shriver,385,69
Chemistry,Physical Chemistry,P. W. Atkins,376,85
Chemistry,Organic Chemistry as a Second Language,David R. Klein,374,20
Chemistry,Physical Chemistry: A Molecular Approach,Donald A. McQuarrie,373,31
Chemistry,Chemistry,Raymond Chang,355,22
Chemistry,Pushing Electrons: A Guide for Students of Organic Chemistry,Daniel P. Weeks,344,26
Chemistry,Organic Chemistry,Janice G. Smith,342,23
Chemistry,Chemistry,Julia Burdge,342,18
Chemistry,Student Lab Notebook,Hayden-McNeil,338,24
Chemistry,General Chemistry: Atoms First,John McMurry,337,17
Chemistry,Fundamentals of Analytical Chemistry,Douglas A. Skoog,336,70
Chemistry,Organic Chemistry,Francis A. Carey,315,32
Chemistry,Experiments in Physical Chemistry,David P. Shoemaker,314,34
Chemistry,General Chemistry: Principles and Modern Applications,Ralph H. Petrucci,303,37
Chemistry,The ACS Style Guide: Effective Communication of Scientific Information,Anne M. Coghill,303,20
Chemistry,Introduction to Organic Laboratory Techniques: A Microscale Approach,Donald L. Pavia,300,19
Chemistry,Principles of Chemistry: A Molecular Approach,Nivaldo J. Tro,278,15
Chemistry,Advanced Inorganic Chemistry: A Comprehensive Text,F. Albert Cotton,267,65
Chemistry,Exploring Chemical Analysis,Daniel C. Harris,267,23
Chemistry,Chemistry for Changing Times,Doris K. Kolb,267,17
Chemistry,Introductory Chemistry: A Foundation,Steven S. Zumdahl,262,19
Chemistry,Microscale Organic Laboratory: With Multistep and Multiscale Syntheses,Dana W. Mayo,254,14
Chemistry,Conceptual Chemistry: Understanding Our World of Atoms and Molecules,John Suchocki,252,14
Chemistry,"Fundamentals of General, Organic, and Biological Chemistry",John McMurry,244,17
Chemistry,Organic Chemistry,T. W. Graham Solomons,239,29
Chemistry,Principles of Modern Chemistry,David W. Oxtoby,237,15
Chemistry,Basic Chemistry,Karen C. Timberlake,237,13
Chemistry,"General, Organic, and Biological Chemistry: An Integrated Approach",Laura D. Frost,235,13
Chemistry,Organic Chemistry: Structure and Function,K. Peter C. Vollhardt,232,28
Chemistry,Chemical Principles,Steven S. Zumdahl,228,22
Chemistry,"Introduction to General, Organic and Biochemistry",Frederick A. Bettelheim,228,17
Chemistry,Introduction to Spectroscopy: A Guide for Students of Organic Chemistry,Donald L. Pavia,226,48
Chemistry,"Chemistry for Today: General, Organic, and Biochemistry",Spencer L. Seager,226,14
Chemistry,Physical Chemistry,Thomas Engel,225,35
Chemistry,Chemistry: The Central Science,Theodore L. Brown,225,24
Chemistry,General Chemistry: The Essential Concepts,Raymond Chang,223,16
Chemistry,"General, Organic, and Biological Chemistry",Janice G. Smith,223,12
Chemistry,Inorganic Chemistry: Principles of Structure and Reactivity,James E. Huheey,215,73
Chemistry,Chemical Principles: The Quest for Insight,P. W. Atkins,215,30
Chemistry,Gas Chromatography,Phase Separations,214,15
Chemistry,Physical Chemistry,Robert J. Silbey,212,27
Chemistry,Principles of General Chemistry,Martin S. Silberberg,211,12
Chemistry,Lehninger Principles of Biochemistry,Michael M. Cox,206,90
Chemistry,Experimental Organic Chemistry: A Miniscale and Microscale Approach,John C. Gilbert,203,12
Chemistry,The ACS Style Guide: A Manual for Authors and Editors,Janet S. Dodd,200,14
Chemistry,Advanced Organic Chemistry Part A,Francis A. Carey,199,31
Chemistry,Inorganic Chemistry,Catherine E. Housecroft,190,54
Chemistry,Chemistry: The Molecular Science,John W. Moore,190,10
Chemistry,Chemical Applications of Group Theory,F. Albert Cotton,189,33
Chemistry,"General, Organic, and Biological Chemistry",H. Stephen Stoker,189,14
Chemistry,Fundamentals of Biochemistry: Life at the Molecular Level,Donald Voet,188,60
Chemistry,Conceptual Physical Science,Paul G. Hewitt,188,46
Chemistry,General Chemistry,Kenneth W. Whitten,185,11
Chemistry,Organic Chemistry,G. Marc Loudon,183,19
Chemistry,Organic Chemistry: A Short Course,Harold Hart,183,15
Chemistry,Foundations of College Chemistry,Morris Hein,174,13
Chemistry,Introductory Chemistry: An Active Learning Approach,Mark S. Cracolice,171,9
Chemistry,Spectrometric Identification of Organic Compounds,Robert M. Silverstein,165,50
Chemistry,Physical Chemistry: Principles and Applications in Biological Sciences,Ignacio Tinoco,162,18
Chemistry,Organic Chemistry,George S. Kriz,153,10
Chemistry,Student Solutions Manual: Chemistry,Brandon Cruickshank,153,8
Chemistry,Experimental Organic Chemistry: Theory and Practice,Charles F. Wilcox,152,9
Chemistry,Solutions Manual,John McMurry,151,9
Chemistry,Macroscale and Microscale Organic Experiments,Kenneth L. Williamson,150,13
Chemistry,Lehninger Principles of Biochemistry,Albert L. Lehninger,148,95
Chemistry,Organic Chemistry,Christopher S. Foote,148,9
Chemistry,Aquatic Chemistry: An Introduction Emphasizing Chemical Equilibria in Natural Waters,Werner Stumm,147,21
Chemistry,"Techniques in Organic Chemistry: Miniscale, Standard Taper Microscale, and Williamson Microscale",Jerry R. Mohrig,147,10
Chemistry,Mass Spectrometry,NATO Advanced Study Institute on Mass Spectrometry,146,23
Chemistry,Analytical Chemistry: An Introduction,Douglas A. Skoog,144,36
Chemistry,"Laboratory Manual for General, Organic, and Biological Chemistry",Karen Timberlake,142,7
Chemistry,Chemistry in Context: Applying Chemistry to Society,Catherine Middlecamp,138,8
Chemistry,Chemistry: Matter and Its Changes,James E. Brady,135,9
Chemistry,"Advanced Organic Chemistry: Reactions, Mechanisms, and Structure",Jerry March,134,50
